"CASE","SERIAL","REF","QUESTNNR","MODE","STARTED","B001_01","B001_02","B001_03","B001_04","B001_05","B001_06","B001_07","B001_08","B001_09","B001_10","B001_11","B001_12","B001_13","B001_14","B001_15","B001_16","B001_17","B001_18","B001_19","B001_20","B001_21","B001_22","B001_23","B001_24","B001_25","B001_26","B001_27","B001_28","B001_29","B001_30","B001_31","B001_32","B001_33","B001_34","B001_35","B001_36","B001_37","B001_38","B001_39","B001_40","B001_41","B001_42","B002_01","B002_02","B002_03","B002_04","B002_05","B002_06","B002_07","B002_08","B002_09","B002_10","B002_11","B002_12","B002_13","B002_14","B002_15","B002_16","B003_01","DS02","EV01_01","EV02_01","EV03_01","EV04","EV04_01","EV04_02","EV04_03","EV04_04","EV05_01","H001_01","H001_02","H001_03","H001_04","H001_05","H001_06","H001_07","H001_08","H001_09","H001_10","H001_11","H001_12","H001_13","H001_14","H001_15","H001_16","H001_17","H001_18","H001_19","H001_20","H001_21","H001_22","H001_23","H001_24","H001_25","H001_26","H001_27","H001_28","H001_29","H001_30","H001_31","H001_32","H001_33","H001_34","H001_35","H001_36","H001_37","H001_38","H001_39","H001_40","H001_41","H001_42","H002_01","H002_02","H002_03","H002_04","H002_05","H002_06","H002_07","H002_08","H002_09","H002_10","H002_11","H002_12","H002_13","H002_14","H002_15","H002_16","H003_01","KE01_01","KE01_02","KE01_03","KE01_04","KE02_01","KE03","L001_01","L001_02","L001_03","L001_04","L001_05","L001_06","L001_07","L001_08","L001_09","L001_10","L001_11","L001_12","L001_13","L001_14","L001_15","L001_16","L001_17","L001_18","L001_19","L001_20","L001_21","L001_22","L001_23","L001_24","L001_25","L001_26","L001_27","L001_28","L001_29","L001_30","L001_31","L001_32","L001_33","L001_34","L001_35","L001_36","L001_37","L001_38","L001_39","L001_40","L001_41","L001_42","L002_01","L002_02","L002_03","L002_04","L002_05","L002_06","L002_07","L002_08","L002_09","L002_10","L002_11","L002_12","L002_13","L002_14","L002_15","L002_16","L003_01","RA01_CP","RA01","S006","S007","SB01","SB02","SD01","SD02_01","SD11","SD11_10","SD15_01","SD15_01a","SD17","SH01","SH02","SI01_01","SI01_02","SI01_03","SI01_04","SI01_05","SI01_06","SI01_07","SI01_08","SL01","SL02","SM01_01","SM01_02","SM01_03","SM01_04","SM01_05","SM01_06","SM01_07","SM01_08","SM01_09","SM01_10","SM01_11","SM01_12","SM01_13","SM01_14","SW01","SW02","VP03_01","W001_01","W001_02","W001_03","W001_04","W001_05","W001_06","W001_07","W001_08","W001_09","W001_10","W001_11","W001_12","W001_13","W001_14","W001_15","W001_16","W001_17","W001_18","W001_19","W001_20","W001_21","W001_22","W001_23","W001_24","W001_25","W001_26","W001_27","W001_28","W001_29","W001_30","W001_31","W001_32","W001_33","W001_34","W001_35","W001_36","W001_37","W001_38","W001_39","W001_40","W001_41","W001_42","W002_01","W002_02","W002_03","W002_04","W002_05","W002_06","W002_07","W002_08","W002_09","W002_10","W002_11","W002_12","W002_13","W002_14","W002_15","W002_16","W003_01","TIME001","TIME002","TIME003","TIME004","TIME005","TIME006","TIME007","TIME008","TIME009","TIME010","TIME011","TIME012","TIME013","TIME014","TIME015","TIME016","TIME017","TIME018","TIME019","TIME020","TIME021","TIME022","TIME023","TIME024","TIME025","TIME026","TIME027","TIME028","TIME029","TIME030","TIME031","TIME032","TIME033","TIME034","TIME035","TIME036","TIME037","TIME038","TIME039","TIME040","TIME_SUM","MAILSENT","LASTDATA","STATUS","FINISHED","Q_VIEWER","LASTPAGE","MAXPAGE","MISSING","MISSREL","TIME_RSI"
496,,,"base","interview",2025-07-16 09:13:48,5,5,4,1,5,5,5,1,1,4,1,1,3,1,1,1,1,1,1,1,1,1,1,1,1,1,1,1,1,1,3,1,3,3,1,3,1,4,1,1,1,1,4,1,5,5,5,1,1,1,1,5,5,5,5,1,3,3,"Nichts",1,,,,0,1,1,1,1,,2,1,2,1,1,2,1,1,1,1,1,3,1,1,1,1,1,1,4,1,1,1,1,1,1,1,1,1,1,1,1,1,4,1,1,1,1,2,1,1,1,1,2,1,2,2,1,1,1,1,1,2,1,1,2,1,2,1,"Langeweile",2,2,1,1,,2,1,3,1,1,4,1,1,1,1,3,1,5,2,1,1,1,1,1,1,1,1,1,1,1,1,1,1,1,1,1,1,1,2,1,1,1,1,1,1,1,1,1,2,1,2,1,1,1,1,1,1,3,4,5,4,1,1,1,"Nichts",4,3,6,4,6,5,2,27,10,"Staatsexamen","Jurist",1,2,6,5,4,1,1,1,3,1,1,1,6,5,4,2,3,3,5,5,4,1,1,1,1,1,2,1,6,5,"B9oYaBjkhc",4,4,3,1,5,4,4,1,1,4,3,1,1,1,1,1,1,1,1,1,1,1,1,1,1,1,1,1,3,1,3,1,1,3,1,1,1,4,1,2,1,1,4,1,5,4,5,1,1,1,1,4,4,5,5,1,5,1,"Interesse",149,15,59,89,7,,25,56,33,30,88,8,20,,50,25,30,97,11,25,,45,20,29,69,12,,52,126,41,61,125,35,48,11,69,98,6,5,5,1455,,2025-07-16 09:41:42,,1,0,40,40,2,1,1.1
521,,,"base","interview",2025-07-16 16:35:19,4,3,3,2,3,4,3,3,2,3,2,2,3,3,3,2,1,1,2,3,2,2,2,2,2,2,2,2,2,2,3,2,2,3,2,2,2,3,2,1,1,1,3,3,3,3,2,1,1,1,2,2,1,3,2,1,2,2,"Ruhig",1,,"Ob Leute mit schizophrenen Tendenzen Kunst mit ähnlichen Tendenzen schöner finden","nö ",0,1,1,1,1,,2,2,2,1,2,2,2,1,1,1,2,4,2,2,2,1,1,1,3,2,1,1,1,1,1,1,2,1,2,3,2,1,4,2,3,2,2,2,1,1,1,2,1,2,2,2,1,1,1,1,1,2,2,3,3,2,3,1,"Gleichgültigkeit",2,1,3,3,"Musiker",1,2,2,1,2,1,2,2,1,2,2,1,3,2,2,2,1,1,1,3,2,1,2,1,1,2,1,1,1,2,3,2,2,4,2,2,1,3,2,1,1,1,2,2,3,3,2,3,2,1,1,1,2,2,3,3,1,4,1,"Unbehagen",5,5,8,5,9,5,2,25,7,,,-1,2,8,5,2,1,1,1,3,1,1,1,8,5,1,1,2,2,1,2,3,3,3,2,4,1,1,1,8,5,"yPRmokyKuh",2,4,2,2,2,2,2,2,1,4,3,3,3,2,2,2,1,1,2,2,1,2,1,1,1,1,2,1,2,3,2,2,3,2,3,2,3,2,1,1,1,1,2,3,2,2,2,1,1,1,1,2,4,4,4,1,2,1,"Verwirrung",9,6,14,28,4,29,,38,28,21,49,3,,44,36,28,34,58,8,34,,35,20,25,50,3,,27,37,28,25,40,5,30,22,53,80,88,31,40,1081,,2025-07-16 16:53:50,,1,0,40,40,1,0,1.42
531,,,"base","interview",2025-07-16 21:39:03,4,2,1,1,5,4,5,1,1,4,4,1,3,3,4,1,1,1,1,1,1,1,2,2,1,3,2,3,4,3,2,2,1,4,1,3,1,4,1,3,1,1,1,3,4,4,5,1,1,1,1,4,4,5,5,2,3,3,"Interesse, Ambivalenz",1,,,,0,1,1,1,1,,2,3,1,1,4,2,5,1,1,3,4,1,2,3,1,1,1,1,1,1,1,1,2,2,1,2,3,1,5,3,4,1,1,4,1,3,1,4,1,2,1,1,1,3,2,2,4,1,1,1,1,4,4,5,4,1,4,1,"Lebendigkeit",2,1,2,3,,2,2,4,3,2,5,3,4,2,1,4,4,1,3,3,4,2,2,1,1,1,1,1,4,4,1,2,4,2,2,4,4,1,1,3,1,3,1,4,1,3,1,1,2,4,5,4,3,1,1,1,1,4,4,5,5,2,4,1,"Neugierde, Beklommenheit",5,4,6,3,6,4,1,20,7,,,-1,2,6,4,1,1,1,1,1,1,1,1,6,4,1,1,1,1,1,2,2,1,1,1,1,1,1,1,6,3,"vbbvcwLeP3",4,5,2,1,5,4,4,3,2,4,4,1,2,3,2,2,1,2,1,1,1,1,2,2,1,3,4,2,3,4,3,2,1,4,1,3,1,5,1,2,1,1,3,3,5,5,5,1,1,1,1,4,5,5,5,2,3,2,"Überflutet von Eindrücken",16,9,12,22,5,16,,85,25,98,52,9,,16,55,25,24,43,9,,63,52,34,34,56,11,17,,35,24,26,181,8,24,9,21,41,4,24,7,1127,,2025-07-16 21:58:56,,1,0,40,40,2,1,1.43
535,,,"base","interview",2025-07-17 11:20:39,4,1,3,1,1,4,1,1,1,1,1,1,1,1,1,1,1,1,1,1,1,1,1,1,1,1,1,2,2,1,1,1,1,2,1,1,1,1,3,1,1,1,2,3,3,4,2,1,1,1,1,1,2,3,2,1,1,1,"Überraschung",1,,"nein",,0,1,1,1,1,,1,1,1,1,1,2,1,1,1,1,4,1,1,1,1,1,1,1,1,1,1,1,1,3,3,1,3,1,3,1,1,1,1,1,1,1,3,1,1,1,1,1,1,1,2,2,1,1,1,1,1,1,3,1,2,2,2,1,"fühlt sich erschlagend an, was aber wahrscheinlich daran liegt, dass man hier nicht zwei Schritte weiter weg treten kann ",2,3,1,3,,2,2,4,1,1,5,3,1,1,1,4,1,1,3,1,1,1,1,1,1,1,1,1,1,2,1,1,3,1,1,1,3,1,1,3,1,2,3,1,1,3,1,1,2,4,5,3,4,1,1,1,4,3,3,3,3,1,3,1,"Vorwurf",6,5,7,1,6,2,1,24,7,,,-1,2,5,3,1,1,1,1,1,1,1,1,6,3,1,1,1,1,1,1,1,1,1,1,1,1,1,1,5,1,"hfAnPviAOt",3,1,1,1,4,3,1,1,1,1,3,1,1,1,1,1,1,1,1,1,1,1,1,1,1,1,1,1,3,1,1,1,1,1,1,1,1,2,1,1,1,1,1,1,1,1,2,1,1,1,1,1,4,4,5,1,1,1,"Überforderung",9,11,31,31,4,35,,48,26,46,123,9,,29,50,28,33,103,8,64,,149,63,69,153,23,,40,77,31,70,87,10,29,24,39,39,57,6,4,1560,,2025-07-17 11:48:19,,1,0,40,40,1,0,1.07
538,,,"base","interview",2025-07-17 11:27:25,5,5,5,1,5,5,5,3,4,5,4,1,5,5,4,4,1,3,1,2,1,3,1,1,1,1,2,1,2,2,4,2,2,5,1,4,1,5,3,5,1,2,5,4,5,5,5,2,1,1,1,5,5,5,5,3,4,5,"Großes Interesse und Faszination",1,"bild 3 fand ich außergewöhnlich faszinierend ","Wahrnehmung von Kunst psychisch kranker ",,0,1,1,1,1,,4,4,4,2,4,4,5,4,4,4,5,1,5,4,1,4,1,4,1,1,1,2,1,1,1,1,1,1,5,2,3,3,1,5,1,4,1,5,4,4,4,2,4,4,5,5,5,2,1,1,3,5,5,5,5,4,4,4,"Begeisterung, Interesse an der Idee der Künstlerin",4,2,2,4,,2,3,4,2,2,2,2,1,1,2,3,1,3,3,1,1,1,1,1,3,2,1,1,1,2,1,1,3,1,4,4,1,1,4,2,1,1,2,2,1,1,1,1,4,2,4,2,1,1,4,1,1,4,4,4,4,2,4,1,"Unverständnis des Stils",6,3,6,2,8,6,2,23,8,,"Jurist",1,2,6,6,2,1,1,1,1,1,1,1,7,4,1,2,2,1,1,1,2,1,1,1,1,1,1,1,5,5,"jGu7oNpQ3Q",3,5,2,1,4,3,4,3,3,4,2,2,4,3,2,2,1,3,1,3,1,2,1,4,1,1,2,1,4,2,1,2,3,3,1,2,1,3,2,2,1,1,4,2,4,2,4,1,1,1,1,2,4,3,3,1,4,1,"Verwirrung, Irritation",9,4,17,10,9,,51,54,36,36,89,14,38,,46,37,33,80,9,51,,45,27,31,78,26,,148,59,36,34,70,9,29,49,74,82,23,10,8,1359,,2025-07-17 11:51:46,,1,0,40,40,1,0,1.14
539,,,"base","interview",2025-07-17 11:40:04,1,2,1,1,2,1,1,1,1,4,1,3,1,1,1,1,1,1,3,1,1,1,3,4,3,1,2,1,1,3,1,1,1,1,1,1,2,1,1,1,1,1,1,1,2,1,3,1,1,1,1,1,3,3,4,1,1,1,"Ich habe keine Gefühle dem Werk gegenüber",1,"Bild 1 macht mir Angst ","Zusammenhang zwischen der psychischen Gesundheit eines Künstlers und seinen Werken?",,0,1,1,1,1,,2,1,2,3,1,1,2,2,2,1,3,5,2,2,1,1,1,1,1,1,1,1,1,4,2,1,3,1,1,3,1,1,2,1,5,1,1,1,1,1,1,2,3,1,3,1,1,1,1,1,3,4,4,3,3,1,3,1,"Ich finde es zu chaotisch ",1,1,3,3,,2,1,1,1,1,1,1,1,1,1,2,1,5,1,1,1,1,3,1,2,1,1,1,1,3,4,1,4,1,1,4,1,1,2,1,4,1,3,1,1,1,1,1,2,1,1,1,1,1,1,1,1,1,3,3,2,3,2,1,"Ich finde es gruselig ",6,4,6,2,5,2,1,26,7,,,-1,2,4,4,2,1,1,1,3,2,1,1,3,5,1,1,3,2,4,3,3,1,1,2,1,1,1,1,5,3,"gY8VPUAa3P",1,2,1,1,3,1,1,1,1,3,1,4,2,1,1,1,1,1,1,1,1,1,1,4,1,1,3,1,1,4,1,1,1,1,2,1,3,1,1,1,1,1,2,1,1,1,2,1,1,1,1,3,4,4,4,2,2,1,"Zu chaotisch",23,12,28,22,6,18,,34,26,24,322,8,,73,60,33,28,92,11,,39,110,114,29,48,7,19,,30,31,31,40,8,20,36,52,73,45,20,18,1270,,2025-07-17 12:06:35,,1,0,40,40,1,0,1.14
540,,,"base","interview",2025-07-17 13:48:50,4,4,3,4,4,4,3,2,3,4,4,2,3,3,4,2,2,3,2,4,3,2,3,2,2,4,4,3,4,4,4,3,1,4,1,4,3,4,3,4,1,2,5,3,4,4,4,4,4,3,3,3,4,4,4,4,3,4,"Interesse, Tiefe ",1,"Nein - aber nr 3 gut gefallen ","Nein ",,1,2,1,1,1,"Museum - neue Sachlichkeit ",4,3,4,4,3,3,3,2,2,3,3,3,2,2,2,2,2,3,3,4,2,3,1,4,1,2,3,1,4,2,2,2,4,3,1,2,2,3,3,1,1,3,2,2,3,3,2,3,2,3,3,2,2,2,3,2,3,2,"Etwas langweilig, aber positiv ",4,4,3,2,,2,2,4,2,3,4,3,3,1,2,4,3,2,4,3,4,2,3,3,1,3,2,2,3,4,2,4,3,2,3,4,3,2,2,3,2,4,4,4,1,2,2,1,4,2,4,3,3,2,1,1,2,4,4,4,3,3,4,3,"Interesse, aber auch eine gewisse Abscheu ",7,5,7,7,7,3,2,25,8,,"Jura",1,2,6,3,2,1,1,1,2,2,3,2,6,5,2,2,2,1,1,1,1,2,1,2,2,3,1,1,5,2,"WWoLce3dYQ",1,3,2,3,4,2,3,2,2,3,3,4,4,2,3,2,3,2,3,2,2,2,3,3,3,2,3,2,4,3,1,2,2,2,3,2,3,3,2,1,2,3,2,1,2,2,1,2,1,1,4,1,2,4,4,2,4,1,"Überforderung, gewisse Gleichgültigkeit ",6,13,35,53,4,32,,42,37,37,94,6,,49,42,40,45,99,15,70,,81,91,82,110,20,,48,48,52,42,94,14,37,63,61,79,10,4,9,1611,,2025-07-17 14:16:34,,1,0,40,40,1,0,1.01
553,,,"base","interview",2025-07-18 08:25:22,3,3,2,2,3,3,4,2,2,3,3,2,4,3,4,3,1,3,2,2,2,2,3,4,1,3,3,3,3,3,3,3,2,3,2,3,2,3,2,2,2,1,3,3,4,4,4,4,2,2,3,2,4,4,4,3,3,2,"Dass Traurigkeit/dunkle Tage auch immer etwas schönes besitzt.",1,,,,0,1,1,1,1,,3,4,3,2,4,3,3,2,3,3,4,1,4,2,3,3,2,2,1,2,3,1,1,2,1,2,2,1,3,2,3,2,1,3,1,3,2,3,2,3,3,1,4,4,3,3,3,3,2,2,2,3,3,3,2,3,3,2,"Die Welt ist vielfältig - offen?",3,2,3,3,,2,2,2,1,2,4,2,4,1,2,3,3,2,3,2,3,2,2,2,2,2,2,1,2,2,2,2,3,1,3,2,3,2,1,2,1,2,2,2,1,3,2,1,3,4,4,4,4,3,1,1,2,3,2,3,3,2,3,2,"Einsamkeit",7,4,4,4,5,4,1,29,8,,"Sozialpädagogin ",1,2,5,4,2,2,1,1,1,1,1,1,4,3,1,1,1,2,1,1,1,1,1,1,1,1,1,1,4,4,"UoFgvGd2cA",3,4,2,2,3,2,3,2,2,4,4,3,4,2,2,2,1,2,2,2,2,1,2,2,1,2,2,2,3,4,3,2,2,3,1,3,2,3,2,2,2,2,2,3,2,2,3,2,2,2,2,3,3,3,4,2,4,1,"Verwirrung",3991,5,21,30,4,40,,47,32,28,78,7,,17,33,38,21,74,5,,20,40,24,25,51,8,19,,71,24,28,36,6,15,11,36,43,6,13,5,977,,2025-07-18 09:47:56,,1,0,40,40,2,1,1.55
561,,,"base","interview",2025-07-18 14:23:38,3,2,3,1,1,3,3,3,2,4,2,2,4,4,3,2,4,3,1,4,3,3,4,5,1,4,5,1,3,5,1,1,3,4,1,4,4,3,1,3,1,1,5,3,4,3,2,2,2,2,2,2,2,3,2,4,5,1,"ein starkes Gefühl der Dissoziation. Es sollte nicht existieren.",1,"zeitlose Schönheit","wie die verschiedenen Kunstwerken bei den verschiedenen Personen bewirken.","Ich habe viele Fachwörter dadurch kennengelernt. Und gleichzeitig bin ich neugierig auf die Ergebnisse.",0,1,1,1,1,"Ich besuche gerne Museen auf der ganzen Welt, und besonders gefallen mir die Darstellung von Pflanzen oder Insekten. Sie vermitteln für mich ein Gefühl von zeitloser Schönheit.",3,3,3,3,3,3,3,3,3,1,1,1,2,2,1,2,1,3,4,2,1,2,1,1,1,1,1,3,1,1,2,2,2,2,2,1,1,1,1,1,1,1,2,2,2,2,2,1,1,1,1,2,2,2,2,1,2,1,"kein besonderes Gefühl, das Bild ist für mich normal.",3,3,4,2,"Kunst ist mir ein Werkzeug, mit dem ich die Welt ausdrücken kann. Es ist ganz privat. Man kann damit abstrakte Dinge hervorholen, deren man sich vielleicht selbst nicht bewusst ist oder die man nicht versteht.",2,5,2,2,1,5,3,3,4,2,3,3,1,5,1,1,3,4,4,1,4,3,3,1,1,4,4,1,3,4,4,2,3,1,4,1,1,1,5,1,4,1,3,5,3,5,3,3,3,1,1,5,5,3,4,3,4,5,1,"Die Kraft der weiblichen Figuren darin hat mich tief beeindruckt.",7,3,6,2,3,4,1,38,8,,"hausfrau",1,2,5,2,1,3,1,1,4,3,3,4,6,6,4,4,4,4,4,4,4,4,4,4,4,4,4,3,6,3,,5,3,5,3,3,5,3,4,3,3,1,1,3,3,1,4,1,3,1,3,3,4,3,1,1,1,1,3,1,1,1,2,1,3,1,2,2,3,3,1,1,1,3,3,4,4,3,2,3,3,3,3,3,3,3,3,3,4,"sehr ruhig",139,39,81,58,4,,86,152,103,95,251,11,73,,96,65,59,92,7,134,,152,45,95,134,6,,82,142,111,74,103,10,277,275,112,67,237,144,,1993,,2025-07-18 15:23:49,,0,0,39,39,0,0,0.55
562,,,"base","interview",2025-07-18 15:13:30,1,1,1,1,1,1,1,1,1,1,1,4,1,1,1,1,1,1,1,1,1,1,1,1,2,1,1,1,1,3,1,1,1,1,3,1,1,1,1,1,1,1,3,1,2,2,1,1,1,1,1,1,1,3,1,1,3,1,"widerwillen",1,,"nein, oft sind solche Ziele nicht genau beschrieben, um das Ergebnis nicht zu beeinflussen",,0,1,1,1,1,,4,3,3,3,1,4,1,3,1,1,1,1,1,1,1,1,1,1,1,2,1,1,1,1,1,1,1,1,1,1,1,1,3,1,1,2,1,1,2,1,1,1,1,1,1,4,1,1,1,1,1,1,3,2,1,1,3,1," angenehme Farben lassen mich an Sonne Strand und Meer denken",1,1,3,3,,2,1,1,1,1,1,1,1,1,1,1,1,4,1,1,1,1,1,1,3,1,1,1,1,1,1,1,1,1,1,1,1,1,4,1,1,1,1,1,1,1,1,1,1,1,1,1,1,1,1,1,1,1,2,3,1,1,1,1,"lässt mich kalt",7,6,7,3,6,3,4,45,8,,"Assistent",1,2,6,3,1,1,3,1,2,1,1,3,6,3,1,1,3,1,1,1,5,3,3,2,1,1,1,1,6,3,"yUMRc8miqP",1,1,1,1,1,3,1,1,1,1,1,1,1,1,1,1,1,1,1,1,1,1,1,1,1,1,1,1,1,1,1,1,5,1,1,1,1,1,1,1,1,1,1,1,1,4,1,1,1,1,1,1,1,1,1,1,1,1,"erinnert an an Bilder, die man in der Schule oder bei längeren Telefonaten während des zuhörens malt",12,20,43,104,4,18,,36,35,30,157,5,,24,113,26,279,168,12,24,,46,18,16,85,7,,26,37,18,18,191,7,21,33,78,58,113,19,197947,1529,,2025-07-18 15:45:11,,0,0,39,40,1,0,1.13
564,,,"base","interview",2025-07-18 15:51:34,2,4,2,1,2,2,3,2,2,2,2,2,2,2,3,2,2,2,3,2,2,3,3,2,1,1,3,3,3,3,3,1,3,3,4,2,1,3,2,2,2,1,3,1,4,3,2,1,2,2,1,3,3,4,3,2,4,1,"Traurigkeit aber auch ein Funke Hoffnung",1,,"Eine Vorstellung nicht, höchstens eine Vermutung. Evtl. wird so ""gestestet"" wie Menschen mit verschiedenen psychischen Problemen - oder mit kaum psychischen Problemen - auf die verschiedenen Arten von Kunstwerken reagieren, wie sie sich fühlen, was ihnen im Kopf rumschwirrt usw., um damit zu testen, wie deren psychischer Zustand ist?","Auf der Gefühlsskala und Angstskala war mir nicht genau ersichtlich, wo man sich ""sehr"" oder ""wenig"" aufgeregt fühlt. ",0,1,1,1,1,,1,1,1,1,1,1,1,2,2,1,1,5,1,1,1,1,1,1,4,4,1,4,1,1,1,1,1,1,2,1,3,2,4,3,5,3,1,1,3,1,1,3,2,1,2,2,1,1,1,1,1,2,1,1,1,1,2,1,"Gleichgültigkeit ",1,1,2,3,,2,1,1,1,1,1,1,1,1,1,1,5,5,2,1,1,3,1,1,4,1,1,4,1,1,1,1,1,1,4,1,3,1,4,2,5,1,3,2,1,1,1,4,3,1,2,2,1,1,1,1,1,2,1,2,1,1,3,1,"Ungläubigkeit",8,6,7,5,2,3,1,25,6,,"Medizinische Fachangestellte",1,2,2,2,1,1,1,1,1,1,1,1,2,2,1,1,1,1,1,1,2,2,2,1,1,1,1,1,2,2,"mLx0HreidA",2,3,3,2,4,2,4,3,2,3,4,2,4,3,3,3,2,3,2,3,2,2,2,3,1,2,1,3,4,2,3,2,2,4,3,3,1,4,3,4,2,1,4,2,4,3,3,1,1,1,1,3,4,4,5,2,4,1,"Interesse und Neugier",75,17,57,41,5,82,,120,59,53,134,35,,105,76,41,38,119,21,48,,63,36,48,101,3,,67,86,67,50,90,10,46,56,50,71,322,19,11,1828,,2025-07-18 16:30:17,,1,0,40,40,1,0,0.76
570,,,"base","interview",2025-07-18 18:26:51,3,3,3,2,2,2,4,3,3,3,2,2,2,2,3,2,2,2,2,3,2,3,2,2,2,2,2,1,4,3,3,2,2,2,2,3,2,3,3,3,2,1,3,2,3,2,3,2,3,1,1,2,3,5,4,3,3,1,"Leicht negative Vibes",1,"Bild 2 hat in mir die positivsten Gefühle ausgelöst und mich ein wenig entspannt, weil es sich wie eine andere Welt angefühlt hat ","Den Effekt von Kunst auf den psychischen Zustand erfassen unter der Mediatorvaraible, ob psychische Erkrankungen vorliegen","Ne",0,1,1,1,1,,4,3,3,3,4,4,2,4,4,2,2,1,4,3,1,4,1,3,1,3,3,3,1,1,1,1,1,1,3,1,4,3,1,4,1,3,1,4,4,1,4,3,4,3,3,4,4,3,2,3,3,3,4,5,5,4,3,3,"Ruhe",4,2,2,4,,2,1,3,1,1,1,1,2,1,1,3,2,4,4,2,3,1,3,1,4,1,1,2,3,3,3,3,3,1,4,4,2,1,3,2,2,2,3,4,2,3,3,2,4,3,4,3,3,2,2,1,3,3,3,5,4,3,3,1,"Verwirrt",8,4,6,6,6,5,1,22,7,,,-1,2,7,5,2,2,1,1,1,1,1,1,6,5,1,1,2,1,1,2,1,3,3,1,2,1,1,1,6,5,"ogVqsrEXxZ",4,4,4,3,3,4,2,2,2,4,2,1,3,2,1,4,1,2,1,3,2,3,1,1,1,2,1,1,3,2,2,3,1,3,1,3,1,4,4,2,3,3,4,3,3,4,4,3,2,1,1,2,3,5,5,3,3,3,"Freude",12,5,16,24,2,82,,60,65,45,109,4,,117,49,40,64,94,8,,100,41,55,58,100,6,69,,83,44,47,90,6,39,93,146,104,59,34,9,1752,,2025-07-18 18:59:50,,1,0,40,40,1,0,0.97
576,,,"base","interview",2025-07-18 20:22:59,4,1,4,1,1,4,2,1,1,1,1,1,4,1,4,1,1,1,1,1,1,1,5,1,1,5,1,4,1,4,4,1,1,1,1,1,1,1,1,1,1,1,4,1,5,4,1,1,1,1,3,2,2,2,1,1,1,1,"stimmt mich nachdenklich",1,"Das Bild 4 hat mir am besten gefallen","Kein Plan",,0,1,1,1,1,,4,1,3,5,4,4,3,4,3,1,1,1,1,1,1,1,1,1,1,4,1,1,1,1,1,1,1,1,1,1,4,4,3,4,1,1,1,1,3,1,1,1,4,3,5,5,1,2,1,1,4,2,5,5,5,4,1,1,"ich fühle mich ruhig",2,1,5,5,,2,3,2,2,1,2,1,1,1,1,2,3,4,2,1,4,1,3,1,1,1,1,1,4,4,3,4,5,2,1,5,2,1,3,1,3,2,4,2,2,1,1,1,2,1,4,2,1,2,1,1,2,3,5,5,4,4,4,1,"ich fühle mich beklemmt",8,5,4,6,5,4,1,23,8,,,-1,2,6,5,2,1,1,1,1,1,1,1,4,7,4,1,4,1,2,1,1,1,4,1,5,1,1,1,6,4,"kCWtYSY2CB",4,5,4,2,4,3,5,2,1,5,4,1,2,1,1,1,1,2,1,1,1,1,1,2,1,1,1,1,3,1,5,1,2,5,1,1,1,5,4,1,1,1,5,5,5,2,5,1,1,1,1,5,5,5,5,1,4,1,"faszinierend",29,9,25,22,4,34,,24,28,20,43,6,,75,32,28,27,52,7,63,,51,38,31,70,14,,26,28,19,27,39,5,26,40,34,54,30,3,6,1069,,2025-07-18 20:40:48,,1,0,40,40,1,0,1.4
579,,,"base","interview",2025-07-19 09:04:30,4,4,4,2,4,4,5,4,4,4,4,2,4,5,4,3,2,3,1,1,2,1,3,3,2,4,4,3,3,4,2,2,2,3,1,3,3,4,3,4,2,1,5,5,5,5,5,5,3,3,4,5,5,5,5,4,5,5,"Trauer,melancholie, Verwirrung ",1,"Bild 1, 3 und 4","Zusammenhang von Biographie von KünstlerInnen und deren Kunst, Zusammenhänge von eigener psychischer Belastung und Gefallen von Kunst, ","Interessante Studie, viel Erfolg bei der Auswertung ",0,1,1,1,1,,3,1,2,2,3,2,2,2,1,1,1,3,1,1,1,2,4,1,2,1,1,3,1,2,3,1,2,1,1,2,1,1,1,1,1,1,1,1,1,1,1,2,1,2,2,3,1,1,1,1,2,3,2,2,2,1,3,2,"Keine besonderen Regungen, eher unbeeindruckt, nicht mein Stil",5,4,2,4,"Akustische Musik, Naturfotografie, Acrylmalerei, Gedichte ",1,4,4,4,2,5,4,4,3,4,4,3,2,3,3,1,3,3,3,2,3,2,3,3,3,2,2,4,4,4,4,3,2,3,3,2,3,4,4,3,2,3,3,5,5,5,5,5,4,2,3,4,5,5,4,5,4,3,5,"Unwohlsein",8,3,7,5,6,5,2,29,8,,"Psychologe",1,2,6,5,2,1,1,1,1,1,1,1,7,6,2,1,2,2,1,3,2,1,1,1,2,1,1,1,6,5,"iCDfQlVUL2",5,5,4,2,5,5,5,4,4,5,5,2,5,5,2,2,2,3,1,1,1,1,3,5,2,2,4,2,4,5,2,2,1,4,1,5,3,4,3,4,2,1,5,5,5,5,5,5,2,2,5,4,5,4,5,4,5,5,"Verwirrung",52,13,23,119,7,,25,34,26,26,60,9,19,,37,31,40,81,10,24,,40,48,46,96,23,,23,52,25,28,45,9,80,27,88,72,100,37,32,1416,,2025-07-19 09:29:38,,1,0,40,40,0,0,1.01
584,,,"base","interview",2025-07-19 10:53:44,3,3,2,1,2,3,4,2,2,2,5,3,3,2,2,3,3,2,2,2,2,2,2,4,1,1,3,1,5,5,3,2,2,3,2,3,3,4,1,2,2,2,4,4,5,4,4,5,2,3,3,4,4,4,5,4,3,1,"Beklemmung",1,"Bild 1 und 3 haben mich besonders angesprochen, weil sie eher figural sind und ich das Dargestellte intuitiver interpretieren konnte","Untersuchen, inwiefern man biografische Elemente des Künstlers in dessen Werke interpretiert",,0,1,1,1,1,,1,2,2,2,2,1,2,1,1,2,3,4,2,2,1,1,4,2,2,1,1,1,3,3,4,2,3,1,4,4,2,2,2,1,3,1,2,1,1,1,1,1,1,1,2,2,2,4,1,1,1,2,2,4,3,4,4,1,"Frust",4,3,2,4,,2,4,3,3,2,4,4,3,3,2,3,4,2,4,3,2,1,1,2,2,2,2,3,2,2,1,1,2,3,3,2,2,2,3,3,2,3,1,3,2,2,2,2,3,4,4,4,3,3,2,2,2,3,3,3,3,2,3,2,"Wiederstand",9,5,3,6,3,6,1,26,8,,,-1,2,3,7,3,2,2,1,1,2,1,2,3,6,4,3,4,2,1,2,3,2,4,2,4,1,4,1,3,5,"SPVe8LipCL",2,3,3,2,4,3,4,2,2,3,3,3,4,2,2,2,2,1,1,3,3,2,2,3,1,1,2,1,4,3,2,2,1,3,2,3,2,4,2,2,2,2,4,3,4,2,3,2,1,1,1,4,4,5,5,3,4,1,"Überforderung",47,8,153,229,3,47,,41,23,19,49,7,,21,27,48,149,74,18,62,,78,38,22,161,13,,32,32,21,19,121,12,26,168,40,62,69,18,13,1386,,2025-07-19 11:26:35,,1,0,40,40,1,0,1.05
585,,,"base","interview",2025-07-19 16:06:59,5,4,4,1,5,5,5,1,4,4,2,1,4,4,5,4,2,2,1,2,4,1,2,3,1,3,2,2,2,4,3,4,1,5,1,4,4,5,1,4,4,1,5,4,5,5,5,2,2,1,2,3,5,5,5,4,5,3,"interessiert an der Story dahinter",1,,"Nein","Nein",0,1,1,1,1,,2,3,2,2,4,3,3,2,4,3,4,4,4,3,4,2,2,2,4,2,3,2,2,2,2,1,2,1,4,5,2,2,3,2,3,1,1,4,1,1,2,1,3,3,4,2,2,2,3,3,2,1,3,2,3,3,5,1,"macht nicht so vile mit mir",5,4,2,4,"Malen acryl",1,4,4,4,1,5,5,5,2,3,4,4,1,4,4,4,4,1,2,1,2,2,5,1,2,2,2,2,3,4,2,5,3,1,5,1,4,1,4,3,4,1,5,5,4,5,5,5,2,4,1,2,4,5,4,4,4,4,2,"interessiert, schmunzelnd",9,3,4,8,4,8,1,21,7,,,-1,2,4,8,2,1,2,1,4,2,1,1,4,8,2,2,5,2,4,5,1,3,5,2,3,1,1,1,4,8,"2zNMoe2CQg",4,5,1,1,5,4,4,1,4,5,5,2,5,2,4,3,1,1,1,1,4,2,1,3,1,1,2,1,4,2,2,3,1,4,1,2,3,5,1,2,3,2,4,4,4,3,3,2,2,1,2,3,5,5,5,3,5,2,"gespannt",69,8,27,21,4,,28,40,34,39,66,10,54,,53,40,55,97,11,74,,84,69,84,105,6,,125,49,52,36,115,4,50,19,107,109,11,271,19,1796,,2025-07-19 16:41:04,,1,0,40,40,1,0,0.95
586,,,"base","interview",2025-07-19 21:47:28,2,4,2,1,4,2,4,3,4,4,5,4,2,3,1,4,3,2,1,1,1,1,2,4,3,2,4,1,4,2,1,3,2,4,4,1,2,3,1,2,1,1,1,2,4,1,3,1,1,1,1,2,2,4,5,1,3,1,"ich habe eine mischung aus angst und ehrfurcht gespürt",1,,"wie gewisse psychische Störungen die Sicht auf Kunstwerke veränderun und ob man sich in die Künstler durch die psychischen Erkrankungen mehr einfühlt",,0,1,1,1,1,,1,2,1,1,3,1,2,1,1,4,5,3,1,1,1,1,2,1,3,1,1,1,2,4,4,1,5,1,4,4,1,1,3,2,2,1,4,1,1,3,2,1,2,1,4,1,1,1,1,1,2,3,2,2,3,3,4,1,"beunruhigung grösstenteils",2,3,5,3,,2,3,5,4,1,4,4,4,2,4,3,4,2,4,4,1,2,1,3,2,3,2,4,1,4,1,4,1,3,4,1,2,3,3,4,3,1,2,4,3,5,2,4,4,4,5,4,4,2,1,1,4,4,4,4,3,4,3,4,"nuegier und ein bisschen belistigung",9,6,3,3,4,5,1,21,7,,,-1,2,2,4,1,2,1,1,1,1,1,1,7,3,2,1,1,1,1,3,4,2,2,3,1,1,2,1,5,6,"GIbBaQ0Qdu",3,5,4,1,4,4,5,3,4,4,4,2,4,4,1,5,2,1,1,1,3,2,1,5,3,1,1,1,4,2,2,2,2,4,2,2,1,4,2,1,4,3,4,4,4,3,4,1,1,1,1,3,4,4,4,3,5,2,"eine überforderung vor allem und auch tatendrang, sich alles detailluert anschauen zu wollen",17,21,17,18,1,26,,37,32,32,63,11,,19,24,24,31,45,10,30,,24,25,26,50,11,,18,29,33,33,62,11,23,10,24,42,48,12,12,951,,2025-07-19 22:03:20,,1,0,40,40,1,0,1.49
590,,,"base","interview",2025-07-20 17:45:22,5,4,5,5,5,5,5,5,5,4,4,1,5,4,4,4,1,4,1,5,1,1,1,1,1,4,1,4,5,1,4,4,1,4,1,5,1,5,5,4,3,1,4,4,5,5,5,5,3,3,2,3,3,5,5,1,1,1,"beruhigend da ich Blumen mag",1,"Bild 2 war am angenehmsten weil es die Stimmung erheitert hat, Bild 3 fand ich am interessantesten","Sinneseindrücke auf bestimmte Reize zu erkennen, ob verschiedene Kunstwerke Auswirkungen auf den Gemütszustand haben","Interessant wäre es noch weitere Informationen zum Künstler zu haben und eventuell mehr Bilder von ihm. Zu jedem Kunstwerk die Jahreszeit und was er genau in dieser Zeit erlebt hat um zu verstehen was er mit dem Kunstwerk aussagen wollte.",0,1,1,1,1,,4,3,4,4,4,4,4,4,5,1,4,1,3,3,1,5,1,3,1,3,1,1,1,1,1,1,1,1,4,1,3,4,1,4,1,3,1,4,4,1,5,1,5,4,5,5,4,4,1,1,4,4,4,5,5,4,1,1,"Stimmungsaufhellend",5,1,1,3,,2,3,3,2,2,3,2,3,1,1,1,4,4,2,1,4,1,1,1,1,3,1,3,2,3,1,4,1,1,5,4,3,1,5,2,3,1,1,1,1,1,1,1,5,4,5,4,4,4,1,1,4,5,4,5,5,1,3,1,"fühl mich interessiert für die Geschichte hinter dem Bild",9,4,4,6,6,5,1,35,4,,"Steuerfachangestellte",1,2,6,5,1,1,1,1,1,1,1,1,6,5,3,1,1,1,1,5,5,3,3,4,4,1,1,1,5,6,"A6afZVJDsg",1,4,1,1,1,1,3,1,1,3,3,3,1,1,3,3,3,1,4,1,1,1,5,5,1,1,5,1,5,5,3,1,5,3,4,1,5,1,1,1,1,1,1,1,5,3,1,1,1,1,1,3,4,5,5,3,4,1,"verwirrt, auf ersten Blick schwer zu verstehen was das Bild aussagen soll",87,18,43,42,25,17,,40,36,38,136,18,,17,57,56,41,87,11,,16,75,48,41,104,7,59,,123,109,47,127,22,43,84,58,90,247,91,40,1805,,2025-07-20 18:22:02,,1,0,40,40,1,0,0.81
595,,,"base","interview",2025-07-20 22:33:15,5,3,2,2,2,5,3,4,4,2,2,1,3,3,2,1,1,3,1,2,3,1,2,1,1,4,3,4,2,1,2,3,2,3,1,4,1,2,4,2,1,1,5,4,3,5,3,2,1,2,2,5,4,2,2,4,3,5,"abgelenkt von den stilistisch nucht zusammenpassenden elementen ",1,,"analysieren in wie fern Kunst unterschiedlich auf betrachtende wirken kann, vorallem im zusammenhang mit der Intension eines Künstlers. Und ob die derzeitige emotionale Situation des Betrachters dieses beeinflusst",,0,1,1,1,1,,5,1,3,1,1,5,3,3,5,2,1,1,1,3,1,1,1,4,1,1,3,2,1,3,1,1,3,3,5,4,1,5,1,3,1,4,1,5,4,2,3,2,3,5,3,5,4,1,3,5,1,2,4,2,2,4,5,3,"zuerst freude, bei längerem betrachten eine gewisse unruhe/schwindel",5,4,2,4,"Meist bunte, digiate 2D comic zeichnungen, ab und zu jedoch malerei mit Acryl oder Ölfarbe auf Leinwand, eher semi-realisische Landschaften und Portraits, jedoch auch mit viel bunter Farbe",1,4,1,4,4,2,4,1,1,2,1,1,2,4,2,4,1,1,1,4,3,1,2,1,1,2,4,1,5,1,4,3,1,3,2,1,4,2,2,3,1,1,1,2,4,3,4,2,1,1,2,4,2,2,4,2,2,4,3,"ich fühle dass ich von der Frau betrachtet/ bewertet werde",10,4,8,5,6,2,3,20,7,,,-1,2,7,6,4,3,1,1,2,3,2,1,6,3,2,4,4,5,3,5,4,3,2,2,3,1,1,1,5,3,"o8dx4j2Mcb",4,4,1,1,2,2,2,1,1,4,4,2,4,2,4,4,1,1,1,2,5,1,1,3,1,2,4,1,5,3,2,1,4,1,2,1,4,3,1,4,1,1,4,1,5,1,3,2,1,1,2,1,5,5,5,3,5,1,"verwirrt und leicht verstört",10,18,37,37,12,54,,66,60,54,136,20,,103,54,34,43,159,8,,91,85,64,66,211,11,61,,133,93,73,147,27,150,21,86,97,134,13,12,2106,,2025-07-20 23:14:35,,1,0,40,40,1,0,0.69
603,,,"base","interview",2025-07-21 14:40:05,5,3,3,4,5,5,5,3,2,4,4,1,4,3,4,3,1,2,1,3,1,1,1,1,1,2,1,4,4,3,3,3,2,4,1,4,1,5,2,3,2,2,4,4,4,5,5,2,1,3,2,5,5,4,5,2,1,4,"Melancholie",1,,,,0,1,1,1,1,,3,4,2,2,4,3,5,2,3,4,5,2,3,3,2,4,1,2,1,2,2,1,4,5,1,3,5,1,5,5,2,1,2,4,1,4,4,5,2,2,1,1,5,5,3,2,2,1,1,1,1,3,5,3,5,3,3,2,"Unruhe",3,2,1,5,"Bemalen von Figuren/Miniaturen",1,2,2,2,1,1,1,2,1,1,2,1,5,3,1,1,1,2,1,4,1,1,4,1,1,1,1,4,1,4,2,1,1,5,1,1,1,4,1,1,1,1,4,1,1,1,1,1,1,1,1,2,2,2,3,1,2,4,1,"Desinteresse",10,5,8,3,7,3,2,31,8,,"Systemingenieur/Informatik",1,2,7,4,2,1,1,1,2,1,1,1,6,2,4,4,5,5,5,4,4,4,3,2,2,3,4,1,7,4,"nWPyQYkLr7",4,5,3,3,4,4,4,4,3,4,5,2,4,4,2,4,2,3,1,3,2,1,2,4,1,1,4,1,5,4,2,2,1,5,1,4,4,5,3,3,2,4,5,4,4,4,4,2,2,2,4,3,5,4,5,4,5,1,"Verwirrung",9,12,58,25,11,37,,48,37,51,64,12,,23,26,33,38,52,3,37,,40,27,36,55,6,,57,40,33,27,46,4,44,15,43,50,8,19,11,1137,,2025-07-21 14:59:02,,1,0,40,40,1,1,1.33
604,,,"base","interview",2025-07-21 15:33:44,4,4,3,3,4,4,4,2,3,4,4,3,4,3,4,2,2,3,2,3,2,1,3,3,1,1,3,3,4,2,3,2,3,3,2,2,2,3,2,2,3,2,4,4,4,4,4,2,2,1,1,3,3,2,1,1,4,2,"interessiert, neugierig ",1,"nein","Es könnte über den Zusammenghang von Biographien und Wahrnehmung von Kunstwerken gehen ",,0,1,1,1,1,,3,3,3,1,4,3,3,1,1,2,1,1,3,2,1,2,2,1,4,1,1,1,2,3,1,1,3,1,2,1,1,1,5,1,1,1,1,2,1,1,1,2,3,1,1,2,2,2,2,1,1,4,4,4,2,1,1,1,"wenig",2,1,3,4,,2,2,4,3,2,4,1,4,1,1,4,3,3,4,1,2,1,2,2,1,1,1,3,1,3,1,1,1,1,4,4,2,1,4,1,1,1,2,3,1,1,2,2,4,3,3,2,4,2,2,1,1,4,3,4,4,1,3,1,"ich empfinde das Kunstwek ambivalent, die Stimmung als uneiendeitig",11,2,7,6,6,6,2,22,7,,"Werksstudent und HiWi",1,2,6,6,1,1,1,1,1,1,1,1,6,6,3,2,1,1,1,1,1,2,3,2,3,1,1,1,6,6,"ZDDWckZrst",1,4,2,1,3,1,3,1,1,1,4,3,2,1,1,1,1,1,3,2,1,4,1,1,1,1,1,1,5,3,2,2,4,3,4,1,4,3,2,2,1,1,3,2,4,1,1,3,1,1,1,1,3,4,3,1,3,1,"Ich fühle mich irriteirt, kann keinen stringenten Bezug dazu finden",20,9,3590,11,8,,27,36,20,23,40,6,26,,24,191,23,40,6,,46,26,29,23,71,4,40,,39,32,44,71,7,19,13,31,60,30,23,14,1003,,2025-07-21 16:52:26,,1,0,40,40,1,0,1.39
606,,,"base","interview",2025-07-21 16:49:17,1,1,1,1,2,1,1,1,1,1,1,1,5,1,3,1,1,1,1,1,1,1,3,1,1,2,5,1,1,5,1,1,3,2,1,1,5,2,1,1,1,1,5,2,4,1,2,4,1,1,1,3,4,4,4,2,3,1,"Beklemmung, wirkt depressiv/trist",1,"Bild 4 hat mich neugierig gemacht, da ich mich die Art der Nummerierung sowie die Gesamtsarstellung als Kreis bzw. mit der Schlange, verwirrt","Ermittlung des mentalen Gesundheitszustands von Personen und deren Beeinflussung durch äußere Faktoren wie künstlerischer Darstellung sowie Informationen über Kunsterschaffende.",,0,1,1,1,1,,2,1,3,1,1,2,4,1,1,2,3,1,1,1,1,1,1,1,1,1,1,4,1,1,1,1,1,1,3,1,1,1,2,3,1,1,1,2,1,1,1,5,1,1,1,1,1,1,1,1,1,4,3,3,2,1,1,1,"Belustigung",5,2,2,3,"Schreiben und Produzieren eigener Songs, Veröffentlichung in sozialen Netzwerken, Schreiben der Texte erfolgt mal digital, mal analog",1,1,1,1,1,1,1,1,1,1,1,1,4,3,1,1,1,2,1,1,1,1,1,1,1,1,1,1,1,1,2,1,1,4,1,1,1,1,1,1,1,1,1,1,1,2,1,1,1,1,1,1,1,1,1,1,1,4,1,"Gleiichgültigkeit",11,1,7,4,5,5,1,24,7,,"Angestellte in der Lohnbuchhaltung",1,2,7,5,1,2,2,1,4,3,1,1,5,3,1,1,2,1,1,3,5,2,1,2,1,1,1,1,7,4,"xUqekLO5TB",2,5,1,1,4,2,4,1,1,5,4,1,4,1,1,1,1,2,1,1,1,1,1,5,1,1,1,1,5,2,1,1,1,3,1,1,2,4,1,1,1,1,4,2,5,1,4,1,2,1,1,1,5,5,5,2,3,1,"Verwirrung",3,11,44,38,4,,28,41,31,57,76,13,,30,55,27,26,63,17,26,,43,34,27,64,4,31,,86,17,32,112,11,440,99,57,109,106,42,24,1527,,2025-07-21 17:21:25,,1,0,40,40,1,0,1.05
611,,,"base","interview",2025-07-22 10:47:42,3,2,2,3,2,3,1,1,1,2,1,3,4,2,3,1,1,1,2,1,1,1,2,1,1,2,2,1,1,2,2,1,2,2,1,2,1,2,1,2,1,1,2,1,3,3,1,1,4,1,1,3,2,2,2,1,4,1,"Verständnis, Langeweile",1,,,,0,1,1,1,1,,2,1,2,1,2,2,2,1,3,2,2,4,3,1,3,3,1,2,3,1,1,1,3,4,1,1,2,1,2,3,1,1,4,2,3,1,1,2,1,1,1,1,1,1,2,1,2,1,1,1,1,2,2,2,2,1,4,1,"Langeweile",4,4,1,3,"Digital, Animation, Bleistift & Tuschezeichnungen",1,5,3,3,2,4,5,4,3,3,3,2,1,4,2,1,3,1,2,1,2,1,1,1,2,1,2,2,1,2,1,3,2,1,2,1,2,1,4,3,3,1,2,3,5,4,5,4,1,1,1,2,4,3,2,3,2,5,5,"Neugier",11,3,4,5,5,5,2,23,7,,,-1,2,5,5,2,2,1,2,1,2,1,1,5,5,3,4,5,3,1,1,3,4,4,3,2,4,1,4,4,5,,2,3,1,1,3,2,2,1,2,3,2,4,3,3,1,2,1,1,2,1,1,1,3,4,1,2,3,1,2,3,2,1,3,2,1,3,3,3,1,2,1,1,4,1,3,1,1,1,2,1,1,1,3,3,3,2,5,1,"Interesse, Beunruhigung",11,14,21,19,12,,21,45,33,31,74,9,22,,52,37,34,119,13,26,,47,35,37,79,6,,19,61,33,41,101,10,111,12,35,89,5,,,1242,,2025-07-22 11:09:36,,0,0,38,38,1,1,1.18
615,,,"base","interview",2025-07-22 14:26:22,4,5,3,1,5,4,5,2,2,4,3,1,5,4,3,3,1,1,1,2,1,1,4,3,1,2,3,1,5,4,2,1,1,4,1,4,2,5,2,3,1,1,5,5,5,4,4,2,1,1,1,5,4,4,5,4,2,1,"Trauer ",1,"Bild 1 ist mir nachhaltig in Erinnerung geblieben, weil ich gern mehr über die abgebildete Frau und ihr Schicksal erfahren würde. Es hat Mitleid für Menschen ausgelöst, die z.B. aufgrund von Armut nicht immer frei über ihr Leben verfügen können.","Auswirkungen von Kunstbetrachtung auf Emotionen und innere Verfassung zu untersuchen",,0,1,1,1,1,,4,2,3,1,2,4,1,1,3,2,1,1,3,1,2,4,1,1,1,2,1,1,2,3,1,1,1,1,1,2,1,1,2,1,1,3,1,4,1,1,1,1,3,2,4,4,4,3,1,1,4,3,3,4,4,2,5,1,"Unruhe",5,5,1,3,,2,2,3,2,1,4,4,5,1,2,3,1,1,2,1,1,1,4,1,1,1,1,3,1,1,1,1,3,2,2,1,1,1,1,3,1,3,2,4,1,1,1,2,2,3,5,4,4,2,3,1,1,5,5,3,4,2,4,3,"Unbehagen gegenüber Männern",11,5,6,4,5,3,1,27,8,,,-1,2,5,4,1,1,1,1,1,2,3,1,5,2,2,1,4,4,2,3,5,3,2,1,1,1,1,1,6,2,"fww7a3gmfK",3,5,3,1,3,2,3,1,2,4,4,3,5,1,1,3,1,1,2,2,1,3,1,4,1,1,2,1,3,3,1,1,3,2,1,3,4,2,1,1,1,3,2,1,5,3,2,4,1,1,1,2,5,5,5,2,5,1,"Ich finde es witzig anzusehen",16,15,39,32,38,32,,58,50,34,64,12,,35,82,65,68,90,13,20,,56,44,32,108,14,,21,77,40,41,63,15,45,160,85,87,29,58,11,1582,,2025-07-22 14:55:31,,1,0,40,40,1,0,0.88
618,,,"base","interview",2025-07-22 19:42:53,4,4,5,2,4,5,4,3,2,4,3,1,4,3,3,2,1,2,1,2,1,1,3,2,1,1,3,2,4,2,3,3,1,5,1,4,1,5,3,3,4,1,5,2,5,4,3,2,5,3,4,3,5,4,4,3,4,4,"Es ist wie eine Umarmung. Ein verstanden werden und ankommen. So als würde jemand sagen, ich weiß, was du fühlst und es ist in Ordnung ",1,,"Nicht richtig. Ich könnte mir vorstellen, dass es darum geht zu erfassen, ob bestimmte Ereignisse des eigenen Lebens beeinflussen, wie man Kunst wahrnimmt mit Informationen zu dem Leben der Künstler und Künstlerinnen, bzw. dem, was das Werk ausdrücken will ",,0,1,1,1,1,,3,2,3,3,3,3,2,2,4,2,2,1,2,2,1,4,1,1,1,2,1,3,1,4,1,1,1,1,4,1,2,1,2,1,1,1,1,3,3,1,3,3,3,3,2,3,2,1,1,1,1,3,4,4,4,1,4,2,"Es ist energisch und chaotisch und doch gleichzeitig zeigt sich in dem Werk Harmonie. Es ist schwer genau zu beschreiben und greifbar zu machen ",3,2,4,2,,2,2,2,1,1,3,2,3,1,2,2,4,2,1,2,1,1,2,1,3,1,1,3,1,4,3,1,4,1,4,4,3,2,3,1,3,2,3,2,1,2,1,3,4,2,4,2,2,1,1,1,1,2,4,3,2,1,3,1,"Ich empfinde das Werk als bedrückend und beunruhigend. ",11,4,7,5,7,4,1,19,7,,,-1,2,7,4,1,1,1,1,2,1,1,1,7,5,1,1,3,3,2,5,4,2,2,1,1,1,1,3,6,4,"eWXt1sLvbA",1,2,1,1,1,1,1,1,1,1,4,4,1,1,1,1,2,1,1,1,1,1,1,5,3,1,5,1,3,5,3,1,4,1,4,1,5,1,1,1,1,2,5,1,5,1,1,1,1,1,1,3,5,5,5,2,3,1,"Es ist beunruhigend und chaotisch. Ich fühle mich unwohl bei dem betrachten des Werks ",11,14,21,30,6,26,,33,24,34,82,10,,26,36,27,35,86,3062,,46,56,31,32,68,12,35,,29,30,28,63,10,28,10,48,88,114,28,11,1278,,2025-07-22 20:55:03,,1,0,40,40,1,0,1.13
619,,,"base","interview",2025-07-22 20:38:44,4,4,3,1,4,4,4,2,4,2,3,2,4,4,4,2,2,2,2,2,1,1,4,4,2,4,2,2,4,4,3,2,1,2,1,4,2,4,1,1,1,1,4,2,4,4,2,1,1,1,1,2,4,4,3,2,2,1,"Melancholie",1,"Bild 3: Melancholie","Assoziation von Vorwissen über einen Künstler und die Wahrnehmung dessen Kunstwerke",,0,1,1,1,1,,3,3,2,1,4,2,4,1,2,1,1,3,1,2,3,1,1,1,4,1,1,1,1,1,4,2,4,1,1,2,1,1,4,1,1,2,1,2,1,1,1,1,2,1,2,2,1,1,1,1,1,2,4,4,4,1,3,1,"Verwirrtheit",2,1,2,4,"Designen, Fotografieren",1,2,2,3,1,4,1,4,1,2,1,4,4,4,4,4,3,4,2,1,1,2,2,4,3,4,3,2,3,3,4,3,2,3,3,4,4,4,3,1,1,3,3,4,3,4,2,3,2,1,1,1,1,4,4,3,3,4,1,"Provokation",11,6,8,4,7,3,1,46,8,,"Lehrerin",1,2,7,3,4,1,2,1,2,1,3,1,6,5,1,1,2,1,1,1,1,2,4,2,5,2,2,1,7,4,"v9nyZqHNEr",2,4,1,1,4,3,4,1,3,4,3,3,4,4,4,2,2,1,1,1,2,1,4,4,3,4,4,3,4,4,3,2,3,2,2,4,4,4,2,2,1,1,2,1,3,3,1,1,1,1,1,2,3,4,4,3,5,1,"Unsicherheit",11,16,35,26,4,28,,65,40,44,80,10,,33,41,40,31,63,9,32,,99,172,65,145,15,,54,162,31,42,85,10,45,42,43,73,90,21,11,1679,,2025-07-22 21:08:58,,1,0,40,40,1,0,0.9
624,,,"base","interview",2025-07-23 18:22:15,2,1,1,1,1,2,1,1,1,1,1,2,1,1,1,1,1,1,1,1,1,1,1,1,1,1,1,1,3,1,1,1,4,1,2,1,1,1,1,1,1,1,3,1,2,3,3,1,1,1,1,5,4,5,3,1,1,1,"Überraschung",1,,"Ich könnte mir vorstellen, dass Gemälde Einfluss auf die psychische Gesundheit haben könnten.",,0,1,1,1,1,,3,1,1,4,1,3,1,1,1,1,1,1,1,1,1,1,1,2,1,3,1,1,1,1,1,1,1,1,3,1,1,1,4,3,1,1,1,2,1,1,1,1,1,1,1,4,3,1,1,1,1,3,2,2,2,1,1,1,"Nichts",1,1,5,1,,2,1,1,1,1,3,1,2,1,1,1,5,4,1,1,1,1,1,1,1,1,1,1,1,3,1,1,1,1,5,4,1,1,3,1,1,1,3,1,1,1,1,1,4,1,4,3,1,1,1,1,1,5,4,1,1,1,3,1,"Entsetzen ",12,2,6,7,6,7,1,54,6,,"Erzieherin",1,2,6,6,2,1,1,1,1,1,1,1,6,7,2,2,2,1,1,1,1,1,3,1,1,1,3,1,5,7,"w13GspG9Ut",3,2,2,1,2,3,4,1,1,2,4,1,3,1,1,1,1,1,1,1,1,1,1,3,1,1,2,1,5,3,1,1,2,3,1,1,1,3,1,1,1,1,1,1,1,2,1,1,1,1,1,1,2,1,1,1,4,1,"Nichts",51,29,43,55,6,,38,60,26,41,69,13,156,,67,32,56,89,19,,54,84,51,50,683,90,44,,82,30,154,75,14,46,27,50,91,123,32,0,1717,,2025-07-23 19:06:05,,1,0,40,40,1,0,0.77
630,,,"base","interview",2025-07-24 15:10:21,4,4,2,2,4,4,3,3,2,4,4,1,4,3,4,3,2,3,1,1,1,2,3,3,2,4,4,2,5,3,4,2,1,3,1,3,1,4,3,4,2,1,5,3,4,4,4,2,4,4,4,4,4,4,5,3,2,2,"Fasziniert, weil es immer mehr zu entdecken gibt, je länger ich das Kunstwerk anschaue.",1,,"Wie die Beschreibung von Künstlerbiografien die Wahrnehmung ihrer Kunst beeinflusst?",,0,1,1,1,1,,4,3,3,2,4,5,5,4,4,2,4,1,3,2,1,3,1,3,1,2,1,2,2,3,1,2,3,1,5,2,3,2,2,3,1,2,1,3,3,2,1,3,4,2,3,4,4,4,2,1,5,5,4,4,4,2,4,3,"überrascht und fasziniert von der Darstellung der beiden Ebenen",2,1,3,3,,2,1,2,1,1,1,1,2,1,1,3,4,4,2,1,2,1,2,1,3,1,1,1,3,4,1,2,3,1,4,4,3,1,2,2,3,1,3,2,1,1,1,1,4,2,4,2,2,2,1,1,2,4,3,3,3,3,2,1,"Abgestoßen, verunsichert, entfremdet wegen der strengen Blicke",12,5,6,4,6,5,1,22,7,,,-1,2,6,5,4,2,1,1,2,1,1,1,5,5,1,2,3,3,1,1,2,1,2,1,2,1,1,1,6,5,"orXE6gMJaX",3,4,2,1,3,2,3,2,4,4,3,2,3,2,1,3,1,2,1,1,1,2,2,4,2,1,3,1,4,2,3,2,2,4,2,2,2,3,2,3,2,2,4,2,4,3,4,4,2,2,3,5,4,4,4,2,4,1,"Nervös, wegen der vielen Farben und Elemente, die in dem Bild zu finden sind. Und gefesselt, weil das Bild eine gewisse (räumliche) Tiefe ausstrahlt. ",22,28,15,26,8,47,,49,45,28,123,11,,43,36,43,34,102,7,30,,36,38,37,115,32,,68,47,40,52,135,11,20,15,51,55,50,24,7,1509,,2025-07-24 15:35:51,,1,0,40,40,1,0,1
634,,,"base","interview",2025-07-25 18:34:19,4,3,2,2,5,4,4,5,4,3,2,1,4,3,4,4,2,1,1,1,3,1,2,3,1,3,1,3,4,2,4,3,3,4,1,4,1,5,2,1,1,1,5,5,4,4,5,4,5,5,4,3,4,5,5,3,2,4,"wahrheit",1,"Ich konnte mich selbst in Bild 3 am ehesten wieder erkennen. war erschrockend","Ob die VPn eine psychische bestimmheit haben und diese sich in den Gemälden wiedererkennen lässt","no",0,1,1,1,1,,3,4,4,1,2,3,2,1,2,4,1,3,1,1,3,2,3,2,2,2,1,1,1,3,1,1,4,1,1,2,2,1,4,1,3,1,1,2,1,1,1,1,4,2,3,2,3,4,2,1,1,3,2,5,4,1,4,1,"überfordernt, würde gerne wissen was dahinter steckt",2,3,5,4,,2,3,1,3,2,4,3,3,3,2,1,1,1,1,1,1,1,1,1,3,1,1,1,1,1,1,1,2,1,1,3,2,1,3,2,4,1,1,1,1,1,1,1,4,1,2,1,4,1,3,2,2,3,5,4,2,1,1,1,"beobachtet, unter druck gesetzt",12,4,7,5,5,7,1,21,7,,,-1,2,5,5,1,1,1,1,1,1,1,1,4,5,4,2,1,1,1,1,1,1,1,1,1,1,1,1,5,8,"GrkGi0BhRL",4,3,1,1,4,4,3,3,2,4,1,1,3,2,1,1,1,1,1,1,1,1,1,3,2,1,4,1,1,1,1,1,3,2,1,2,2,3,1,1,1,1,3,2,4,4,2,1,1,1,1,3,3,5,4,1,4,1,"Reue",35,7,16,36,16,25,,36,30,25,60,6,,48,54,36,35,88,10,,53,33,28,28,62,5,16,,35,29,25,48,5,30,37,37,45,41,8,20,1136,,2025-07-25 18:53:28,,1,0,40,40,1,0,1.3
635,,,"base","interview",2025-07-25 20:35:45,4,3,4,3,4,5,5,4,4,4,4,1,4,3,2,4,1,4,1,3,1,1,1,1,1,2,1,2,4,1,4,4,1,5,1,4,1,4,4,4,4,1,4,4,5,5,5,5,4,4,4,5,5,5,5,4,4,5,"Erleichterung",1,"Bild 3 (Ruhe, Erleichterung, Widerspiegelung der eigenen Gefühle, Optimismus)","emotionale Sensibilität/Empathie/Feinfühligkeit und Schizophrenie/andere psychische Erkrankungen",,0,1,1,1,1,,4,2,3,3,4,4,4,3,4,3,4,2,3,3,1,1,1,1,1,2,1,1,1,1,1,1,1,2,4,2,3,1,2,3,1,4,1,4,2,3,1,1,2,3,4,2,3,4,1,1,4,2,2,1,3,1,4,3,"Interesse",4,2,3,3,"Aquarell, Ton, Acryl (nur als Hobby)",1,1,3,1,1,2,1,1,1,1,1,1,4,1,1,1,1,1,1,1,1,1,1,1,1,1,1,3,1,3,3,1,1,2,1,2,1,2,2,1,1,1,1,3,2,4,2,2,1,1,1,1,3,4,3,3,2,4,1,"Abneigung",12,1,6,5,6,3,1,19,7,,,-1,2,6,4,2,1,1,1,3,1,1,1,5,4,3,2,3,2,4,4,3,2,3,2,5,1,1,1,5,5,"eoKSXBursY",2,4,1,1,4,1,1,1,1,1,4,3,1,1,1,1,1,1,1,1,1,1,1,3,1,1,4,1,5,5,1,1,2,1,2,1,1,3,1,1,1,1,4,2,3,1,2,1,1,1,1,2,3,3,3,1,2,1,"Unruhe",90,65,19,28,4,,83,41,47,38,71,5,,43,109,52,54,85,17,46,,37,32,40,96,9,46,,92,32,37,78,10,111,78,61,84,100,40,253,1652,,2025-07-25 21:11:19,,1,0,40,40,1,0,0.82
636,,,"base","interview",2025-07-25 20:47:32,5,4,4,2,5,5,5,3,3,4,5,1,3,1,3,2,1,2,1,1,3,1,3,1,1,2,1,1,3,1,3,1,1,4,1,4,1,5,3,1,1,1,5,5,5,5,5,4,3,3,3,5,5,5,5,4,4,3,"Fasziniert und beeindruckt ",1,"Bild 3 hat mich am meisten überrascht und zum Nachdenken angeregt ","Wir Psychologische Erkrankungen Kunst beeinflussen können",,0,1,1,1,1,,2,2,2,1,3,2,2,1,1,2,1,2,1,1,1,2,1,1,2,1,1,1,1,2,1,1,1,1,3,3,2,1,1,1,1,1,1,2,1,1,1,1,1,2,2,1,1,2,1,1,1,2,3,3,3,1,2,1,"Verwirrt und eher desinteressiert ",4,3,2,4,"Zeichnungen ",1,3,4,4,2,4,4,4,3,3,3,2,2,4,2,1,2,1,2,1,1,2,2,1,1,1,1,1,1,3,1,2,2,1,4,1,3,1,5,3,3,2,1,5,5,4,4,4,4,2,2,3,3,4,4,5,3,4,3,"Intessiert und zum nachdenken angeregt ",12,3,8,3,7,3,1,20,7,,,-1,2,7,2,4,1,1,1,1,1,1,1,8,3,2,3,4,2,5,5,4,1,2,1,2,1,1,1,7,3,"iU8iJa4i7S",2,4,2,1,4,2,4,2,2,4,4,3,3,2,3,2,1,2,1,1,2,1,1,3,1,1,2,1,4,3,2,1,1,3,1,2,1,4,1,1,1,1,3,2,3,2,4,2,1,1,1,3,4,4,4,3,4,1,"Etwas verwirrt aber interessant an den Gedanken des Künstlers und der Bedeutung ",48,25,23,26,4,,36,29,27,23,45,4,26,,26,19,23,47,3,49,,46,28,37,96,10,,47,35,26,29,74,6,30,41,53,81,35,47,14,1218,,2025-07-25 21:07:50,,1,0,40,40,1,0,1.25
646,,,"base","interview",2025-07-26 18:37:56,5,3,4,4,5,5,5,4,4,3,2,1,3,2,4,3,1,1,1,4,2,3,2,1,1,2,1,4,3,1,1,3,1,4,1,4,1,4,4,1,1,1,3,5,4,5,5,3,3,4,2,3,4,3,4,3,1,4,"Nostalgie",1,,,,0,1,1,1,1,,4,3,4,2,5,4,4,3,4,3,4,1,4,3,1,4,1,3,1,1,1,1,3,3,2,2,2,3,4,2,2,1,2,4,1,3,1,4,4,3,2,1,4,5,4,4,4,4,3,3,2,4,2,4,4,4,3,4,"beeindruckt, Neugierde, lebendig",5,3,2,5,"Fotografie, Zeichnungen",1,3,2,2,3,4,3,4,2,1,2,3,1,2,2,1,2,1,3,2,1,1,1,3,4,1,4,5,3,3,4,1,1,1,3,1,3,1,4,2,4,1,1,4,3,4,3,4,5,1,1,4,4,4,3,3,3,2,2,"Beklemmung (Starren), Nähe/Empathie mit der Frau",13,3,5,3,7,3,1,22,7,,,-1,2,6,6,3,2,1,1,2,3,2,1,5,5,4,1,4,3,3,3,5,3,3,1,5,4,1,1,4,7,"66664Yewmg",2,4,2,1,4,3,3,1,1,3,5,3,3,2,1,3,3,1,3,1,1,1,4,4,1,1,4,1,4,5,1,1,3,5,3,3,3,5,1,1,1,1,5,4,5,2,4,2,1,1,4,3,4,5,4,2,4,1,"Neugierde, Überwältigung, Stress, Verwirrung",5,9,27,30,2,,28,48,64,31,93,14,26,,79,49,55,191,10,38,,75,62,49,157,19,,67,133,126,62,220,18,74,22,125,119,6,6,9,1818,,2025-07-26 19:13:45,,1,0,40,40,1,1,0.97
647,,,"base","interview",2025-07-26 18:58:21,4,1,3,4,4,4,3,4,2,2,2,2,4,3,3,3,3,4,5,3,4,1,4,2,2,2,4,3,4,2,5,2,4,2,4,3,4,4,3,4,4,2,4,3,4,2,4,2,4,4,2,4,3,4,3,4,3,4,"Schmerz",1,"Nö","Menschen die nenn dachschaden haben auch mehr quatsch in bilder interpretieren ","Kunst ist arsch",0,1,1,1,1,,5,4,4,4,5,4,4,4,5,4,4,2,4,4,2,2,3,3,3,3,4,3,4,4,2,4,2,4,4,3,4,4,4,4,2,4,4,4,2,5,5,3,4,3,4,5,4,3,4,2,4,2,4,5,2,5,4,5,"Klug",1,1,3,3,,2,2,3,3,5,3,4,5,1,3,4,3,4,4,5,3,2,4,2,4,3,4,2,4,2,4,5,4,2,5,3,5,5,5,3,5,4,3,5,2,5,2,4,5,3,4,3,5,2,5,2,5,3,5,4,2,4,2,3,"Irritiert",13,4,3,4,3,3,2,26,7,,,-1,2,2,2,1,1,1,1,1,1,1,1,2,2,5,5,4,2,1,1,2,1,2,1,5,3,5,4,2,2,"efveKy87ky",2,4,2,2,4,3,4,5,3,2,3,4,4,2,5,2,5,3,4,4,3,2,4,2,4,2,4,2,4,3,5,2,5,2,5,4,5,4,3,5,2,5,5,2,4,4,2,4,3,4,4,2,4,3,5,3,4,3,"Unglaube",3,7,20,23,1,19,,146,43,17,29,6,,23,56,12,18,23,4,,30,33,11,11,28,4,28,,26,11,11,39,4,52,14,47,95,59,4,10,869,,2025-07-26 19:14:28,,1,0,40,40,1,0,1.95
648,,,"base","interview",2025-07-26 21:13:32,2,2,1,1,2,2,4,1,3,3,3,4,4,1,3,2,1,1,2,1,1,1,3,3,3,2,4,1,2,4,1,1,2,2,2,3,3,3,1,1,2,1,4,2,4,3,3,4,4,4,2,4,4,4,4,3,2,1,"es hat einerseits etwas Zerbrechliches und Zartes, das berührt, und andereseits ist es beunruhigend und morbide; zugleich anziehend und abstoßend ",1,,,,0,1,1,1,1,,2,3,1,1,2,1,2,1,3,3,3,4,2,1,1,3,1,1,2,1,1,1,1,3,1,1,4,1,2,3,1,1,2,2,3,1,2,2,1,1,3,1,4,2,4,2,3,3,2,2,3,3,4,3,2,3,4,1,"Unruhe und Verwirrung, als wäre ich in einem Spiegelkabinett",3,1,2,3,,2,3,4,2,3,4,2,4,1,2,3,3,4,4,1,2,2,1,1,2,3,1,1,2,3,1,4,3,2,2,3,2,1,2,2,2,2,3,4,1,1,1,2,4,2,5,3,3,2,1,1,2,3,4,3,3,2,3,1,"ambivalent ? die Frau hat etwas sehr Faszinierendes an sich, ihr Blick fesselt mich; während die Männer im Hintergrund eher furchteinflößend sind",13,5,6,3,5,3,1,21,7,,,-1,2,6,3,3,2,1,1,1,1,3,1,6,3,2,1,1,1,4,4,2,1,1,2,4,1,1,1,6,3,"h41g0Ns8PA",4,4,4,2,4,4,4,1,3,4,3,1,2,1,1,3,1,1,1,2,1,1,1,2,1,1,2,1,2,2,3,3,1,3,1,1,1,3,2,2,2,1,4,2,4,4,4,1,1,1,1,4,3,3,4,2,2,1,"ein Gefühl von Stimmigkeit",29,20,14,18,4,34,,75,44,33,143,7,,24,32,27,33,125,10,57,,64,47,50,154,13,,44,45,42,41,101,7,40,16,56,111,12,29,12,1613,,2025-07-26 21:40:25,,1,0,40,40,2,1,1.03
649,,,"base","interview",2025-07-27 08:16:18,5,4,3,2,4,4,3,2,3,3,4,1,5,5,4,3,1,3,2,2,3,4,4,4,1,4,4,3,3,4,4,2,3,4,1,4,2,5,3,2,1,2,5,3,4,5,4,2,3,2,2,5,4,3,5,4,5,4,"Trauer, Staunen, Angeregt sein",1,"Bild 3","Ja",,0,1,1,1,1,,4,3,4,2,4,3,3,2,2,4,4,2,4,2,4,3,2,1,3,2,1,3,3,5,1,2,4,1,4,4,2,1,3,2,1,2,2,3,2,1,1,3,3,3,3,3,2,1,2,2,1,5,5,4,5,2,5,2,"Nicht viel, Verwirrtheit, etwas intellektuell angeregt",3,1,2,3,,2,4,3,4,2,4,5,3,2,2,3,3,2,2,4,3,2,2,1,1,2,1,5,3,2,2,2,4,4,3,3,1,1,2,3,1,2,3,5,2,1,1,5,4,3,4,4,4,1,2,2,2,4,4,3,5,2,4,3,"Belustigt, nostalgisch, beunruhigt, interessiert",13,2,5,6,6,6,1,24,7,,,-1,2,5,4,2,1,2,2,1,3,1,2,3,3,4,2,5,3,1,3,3,2,2,2,3,1,3,1,4,4,"cd15trgevH",2,3,4,3,3,3,2,1,2,3,4,3,4,2,3,2,2,1,3,4,1,4,2,4,1,2,3,3,4,3,2,1,2,2,2,1,3,3,2,2,1,4,4,2,3,2,3,2,2,2,1,3,5,5,5,2,3,1,"Gleichgültigkeit, verwirrt, belustigt",35,9,33,284,3,,41,66,57,55,576,20,56,,66,66,52,112,14,,76,123,45,108,99,13,501,,84,59,64,88,15,38,36,79,126,11,27,8,1856,,2025-07-27 09:08:44,,1,0,40,40,1,0,0.75